pers;date_begin;date_end;date diff;fr;en;pt;es;authors;reviewers;editors;translator;translation-editor;translation-reviewer;total_contrib;orcid;
Adam Crymble;27/06/2012;22/05/2019;7;0;46;0;17;20;5;21;0;17;0;63;0000-0003-4343-0265;
William J. Turkel;17/07/2012;17/12/2014;2;0;20;0;0;17;1;2;0;0;0;20;0000-0003-4734-9894;
Jim Clifford;17/07/2012;29/08/2017;5;0;22;0;0;4;18;0;0;0;0;22;0000-0003-2004-5161;
Ian Milligan;27/06/2012;27/07/2018;6;0;14;0;0;4;0;10;0;0;0;14;0000-0002-1470-7723;
Josh MacFadyen;13/12/2013;13/12/2013;0;0;4;0;0;4;0;0;0;0;0;4;0000-0002-1568-8843;
Daniel Macfarlane;13/12/2013;13/12/2013;0;0;4;0;0;4;0;0;0;0;0;4;0000-0001-6268-8945;
James Baker;30/04/2014;16/10/2019;5;0;6;0;0;3;1;2;0;0;0;6;;
Shawn Graham;02/09/2012;04/12/2021;9;0;6;0;0;3;3;0;0;0;0;6;0000-0002-2887-3554;
Miriam Posner;17/07/2012;24/02/2016;4;0;19;0;0;2;0;17;0;0;0;19;;0000-0003-1789-2300
Brandon Walsh;05/08/2016;04/12/2021;5;0;11;0;0;2;1;8;0;0;0;11;0000-0002-2785-3519;
Amanda Visconti;18/04/2016;23/11/2020;4;0;3;0;0;2;0;1;0;0;0;3;0000-0001-8584-8323;
John R. Ladd;23/08/2017;05/05/2020;3;0;2;0;0;2;0;0;0;0;0;2;0000-0002-5440-062X;
Scott Weingart;02/09/2012;23/08/2017;5;0;2;0;0;2;0;0;0;0;0;2;0000-0001-9792-9446;
Nicolás Vaughan;27/07/2021;16/11/2021;0;0;0;0;2;2;0;0;0;0;0;2;0000-0002-2877-0539;
Jennifer Isasi;15/03/2018;16/11/2021;3;0;0;0;19;1;3;4;4;2;5;19;0000-0002-4295-895X;
Nicolas Frerebeau;24/03/2021;24/03/2021;0;1;0;0;0;1;0;0;0;0;0;1;0000-0001-5759-4944;
Fred Gibbs;11/11/2012;10/08/2018;6;0;12;0;0;1;1;10;0;0;0;12;;
Ryan Deschamps;31/07/2017;04/11/2018;1;0;6;0;0;1;5;0;0;0;0;6;0000-0001-7934-6845;
Taylor Arnold;27/03/2017;05/05/2020;3;0;4;0;0;1;3;0;0;0;0;4;0000-0002-3575-1512;
Matthew Lincoln;24/05/2016;04/11/2018;2;0;4;0;0;1;1;2;0;0;0;4;0000-0002-4387-3384;
Sarah Simpkin;13/12/2013;31/10/2017;4;0;4;0;0;1;3;0;0;0;0;4;0000-0003-0774-4777;
M. H. Beals;20/09/2014;24/07/2016;2;0;4;0;0;1;3;0;0;0;0;4;;
Joshua G. Ortiz Baco;31/10/2018;14/12/2021;3;0;0;0;4;1;0;1;0;1;1;4;0000-0002-9723-4262;
Lauren Tilton;27/03/2017;20/08/2018;1;0;3;0;0;1;2;0;0;0;0;3;0000-0003-4629-8888;
Quinn Dombrowski;13/05/2019;08/12/2019;0;0;2;0;0;1;1;0;0;0;0;2;0000-0001-5802-6623;
Nabeel Siddiqui;19/06/2015;31/07/2017;2;0;2;0;0;1;1;0;0;0;0;2;;
Caleb McDaniel;03/03/2014;24/04/2017;3;0;2;0;0;1;0;1;0;0;0;2;;
Jonathan Blaney;07/07/2016;07/05/2017;1;0;2;0;0;1;1;0;0;0;0;2;0000-0002-5044-5038;
Dave Rodriguez;20/12/2018;11/12/2020;2;0;1;0;1;1;0;0;1;0;0;2;0000-0001-9759-8464;
Gustavo Candela;06/01/2021;30/08/2021;0;0;1;0;1;1;1;0;0;0;0;2;0000-0001-6122-0777;
Silvia Gutiérrez De la Torre;20/04/2019;30/08/2021;2;0;0;0;2;1;1;0;0;0;0;2;;0000-0001-8717-2291
Gabriel Calarco;01/03/2021;14/12/2021;0;0;0;0;2;1;0;0;1;0;0;2;;0000-0002-7841-6538
Brice Lebrun;24/03/2021;24/03/2021;0;1;0;0;0;1;0;0;0;0;0;1;0000-0001-7503-8685;
Vincent Paillusson;01/04/2022;01/04/2022;0;1;0;0;0;1;0;0;0;0;0;1;0000-0003-1286-3893;
Hugo Bonin;19/06/2019;19/06/2019;0;1;0;0;0;0;0;0;1;0;0;1;0000-0002-9029-5564;
Matthew J. Lavin;13/05/2019;13/05/2019;0;0;1;0;0;1;0;0;0;0;0;1;0000-0003-3867-9138;
Kellen Kurschinski;13/09/2013;13/09/2013;0;0;1;0;0;1;0;0;0;0;0;1;;
Brad Rittenhouse;16/10/2019;16/10/2019;0;0;1;0;0;1;0;0;0;0;0;1;0000-0002-0669-8724;
Ximin Mi;16/10/2019;16/10/2019;0;0;1;0;0;1;0;0;0;0;0;1;;
Courtney Allen;16/10/2019;16/10/2019;0;0;1;0;0;1;0;0;0;0;0;1;0000-0002-5750-5988;
Seth van Hooland;05/08/2013;05/08/2013;0;0;1;0;0;1;0;0;0;0;0;1;0000-0003-2612-2228;
Ruben Verborgh;05/08/2013;05/08/2013;0;0;1;0;0;1;0;0;0;0;0;1;0000-0002-8596-222X;
Max De Wilde;05/08/2013;05/08/2013;0;0;1;0;0;1;0;0;0;0;0;1;0000-0002-6834-0250;
Laura Turner O'Hara;22/05/2013;22/05/2013;0;0;1;0;0;1;0;0;0;0;0;1;;
Thomas Jurczyk;29/09/2021;29/09/2021;0;0;1;0;0;1;0;0;0;0;0;1;;
Scholars' Lab Community;23/11/2020;23/11/2020;0;0;1;0;0;1;0;0;0;0;0;1;;
Heather Froehlich;19/06/2015;19/06/2015;0;0;1;0;0;1;0;0;0;0;0;1;0000-0001-9984-725X;
Megan R. Brett;24/02/2016;24/02/2016;0;0;1;0;0;1;0;0;0;0;0;1;0000-0002-7474-7196;
Patrick Smyth;02/04/2018;02/04/2018;0;0;1;0;0;1;0;0;0;0;0;1;;
Jacob W. Greene;10/08/2018;10/08/2018;0;0;1;0;0;1;0;0;0;0;0;1;;
Marten Düring;18/02/2015;18/02/2015;0;0;1;0;0;1;0;0;0;0;0;1;0000-0001-7411-771X;
Halle Burns;17/05/2021;17/05/2021;0;0;1;0;0;1;0;0;0;0;0;1;0000-0003-2346-2876;
Jon MacKay;20/02/2018;20/02/2018;0;0;1;0;0;1;0;0;0;0;0;1;;
Matteo Romanello;16/05/2021;16/05/2021;0;0;1;0;0;1;0;0;0;0;0;1;0000-0002-7406-6286;
Simon Hengchen;16/05/2021;16/05/2021;0;0;1;0;0;1;0;0;0;0;0;1;0000-0002-8453-7221;
Jessica Otis;23/08/2017;23/08/2017;0;0;1;0;0;1;0;0;0;0;0;1;0000-0001-5519-8331;
Christopher N. Warren;23/08/2017;23/08/2017;0;0;1;0;0;1;0;0;0;0;0;1;0000-0002-9881-682X;
Stephen Krewson;14/01/2019;14/01/2019;0;0;1;0;0;1;0;0;0;0;0;1;0000-0002-6086-0649;
Evan Peter Williamson;12/08/2017;12/08/2017;0;0;1;0;0;1;0;0;0;0;0;1;0000-0002-7990-9924;
Susan Grunewald;11/02/2022;11/02/2022;0;0;1;0;0;1;0;0;0;0;0;1;0000-0003-1275-4101;
Andrew Janco;11/02/2022;11/02/2022;0;0;1;0;0;1;0;0;0;0;0;1;0000-0002-8872-9474;
Jon Crump;25/11/2014;25/11/2014;0;0;1;0;0;1;0;0;0;0;0;1;;
Justin Colson;27/01/2017;27/01/2017;0;0;1;0;0;1;0;0;0;0;0;1;0000-0002-4352-2154;
Beatrice Alex;31/10/2017;31/10/2017;0;0;1;0;0;1;0;0;0;0;0;1;0000-0002-7279-1476;
Eric Weinberg;20/08/2018;20/08/2018;0;0;1;0;0;1;0;0;0;0;0;1;0000-0002-3311-1060;
Jeff Blackadar;03/05/2018;03/05/2018;0;0;1;0;0;1;0;0;0;0;0;1;0000-0002-8160-0942;
Jonathan Reeve;24/07/2016;24/07/2016;0;0;1;0;0;1;0;0;0;0;0;1;0000-0003-2827-1569;
Gabi Kirilloff;04/12/2021;04/12/2021;0;0;1;0;0;1;0;0;0;0;0;1;0000-0003-2696-1419;
Ted Dawson;21/07/2016;21/07/2016;0;0;1;0;0;1;0;0;0;0;0;1;0000-0002-9192-6233;
Go Sugimoto;22/05/2019;22/05/2019;0;0;1;0;0;1;0;0;0;0;0;1;0000-0003-2646-6784;
Tassie Gniady;08/12/2019;08/12/2019;0;0;1;0;0;1;0;0;0;0;0;1;0000-0001-8693-3677;
David Kloster;08/12/2019;08/12/2019;0;0;1;0;0;1;0;0;0;0;0;1;0000-0001-8577-8409;
Kim Pham;29/08/2017;29/08/2017;0;0;1;0;0;1;0;0;0;0;0;1;0000-0002-9115-4739;
Vilja Hulden;17/12/2014;17/12/2014;0;0;1;0;0;1;0;0;0;0;0;1;0000-0002-3812-7010;
Andrew Akhlaghi;06/01/2021;06/01/2021;0;0;1;0;0;1;0;0;0;0;0;1;0000-0002-0824-3328;
Taryn Dewar;05/09/2016;05/09/2016;0;0;1;0;0;1;0;0;0;0;0;1;;
Dennis Tenen;19/03/2014;19/03/2014;0;0;1;0;0;1;0;0;0;0;0;1;;
Grant Wythoff;19/03/2014;19/03/2014;0;0;1;0;0;1;0;0;0;0;0;1;0000-0002-6605-9596;
Alex Brey;04/11/2018;04/11/2018;0;0;1;0;0;1;0;0;0;0;0;1;0000-0002-3201-8462;
Peter Organisciak;22/11/2016;22/11/2016;0;0;1;0;0;1;0;0;0;0;0;1;0000-0002-9058-2280;
Boris Capitanu;22/11/2016;22/11/2016;0;0;1;0;0;1;0;0;0;0;0;1;;
Seth Bernstein;04/10/2013;04/10/2013;0;0;1;0;0;1;0;0;0;0;0;1;0000-0001-5116-3828;
Doug Knox;22/06/2013;22/06/2013;0;0;1;0;0;1;0;0;0;0;0;1;;
Stephanie J. Richmond;24/04/2017;24/04/2017;0;0;1;0;0;1;0;0;0;0;0;1;;
Tommy Tavenner;24/04/2017;24/04/2017;0;0;1;0;0;1;0;0;0;0;0;1;;
Charlie Harper;27/07/2018;27/07/2018;0;0;1;0;0;1;0;0;0;0;0;1;0000-0003-3781-5812;
Moritz Mähr;30/01/2020;30/01/2020;0;0;1;0;0;1;0;0;0;0;0;1;0000-0002-1367-1618;
Jairo Antonio Melo Flórez;30/03/2020;30/03/2020;0;0;0;0;1;1;0;0;0;0;0;1;;
Armando Luza;01/04/2019;01/04/2019;0;0;0;0;1;1;0;0;0;0;0;1;0000-0001-5679-7360;
Anthony Picón Rodríguez;11/07/2020;11/07/2020;0;0;0;0;1;1;0;0;0;0;0;1;0000-0001-6765-4146;
Miguel Cuadros;11/07/2020;11/07/2020;0;0;0;0;1;1;0;0;0;0;0;1;0000-0001-7526-1166;
Gimena del Río Riande;14/12/2021;14/12/2021;0;0;0;0;1;1;0;0;0;0;0;1;0000-0002-8997-5415;
María Dolores Sáez;30/08/2021;30/08/2021;0;0;0;0;1;1;0;0;0;0;0;1;;
María Pilar Escobar;30/08/2021;30/08/2021;0;0;0;0;1;1;0;0;0;0;0;1;0000-0002-8977-7873;
Manuel Marco Such;30/08/2021;30/08/2021;0;0;0;0;1;1;0;0;0;0;0;1;0000-0002-4145-0521;
Marcelo Raimundo;28/06/2021;28/06/2021;0;0;0;0;1;1;0;0;0;0;0;1;0000-0002-0200-6399;
Antonio Rojas Castro;15/03/2017;11/12/2020;3;0;1;0;45;0;2;1;1;14;28;46;0000-0002-8916-4997;
Maria José Afanador-Llach;15/03/2017;30/08/2021;4;0;0;0;32;0;0;3;2;6;21;32;0000-0003-2652-5799;
Víctor Gayol;15/03/2017;30/08/2021;4;0;0;0;28;0;1;0;24;1;2;28;0000-0002-2442-3193;
Jairo A. Melo;15/03/2017;07/10/2017;0;0;0;0;20;0;0;0;1;0;19;20;0000-0002-8174-4524;
Antoine Champigny;19/06/2019;19/06/2019;0;1;0;0;0;0;0;0;0;0;1;1;;
Frederik Elwert;17/07/2012;01/12/2015;3;0;10;0;0;0;10;0;0;0;0;10;0000-0001-9149-9377;
Jimmy Medeiros;26/03/2021;02/03/2022;1;0;0;10;0;0;0;0;0;10;0;10;0000-0002-8280-3338;
José Antonio Motilla;26/04/2017;11/04/2022;5;0;0;0;10;0;1;1;1;2;5;10;0000-0003-0591-5560;
Amanda Morton;17/07/2012;01/12/2015;3;0;7;0;0;0;7;0;0;0;0;7;;
Felipe Lamarca;26/03/2021;13/01/2022;1;0;0;7;0;0;0;0;4;0;3;7;0000-0003-0002-3627;
Danielle Sanches;12/05/2021;02/07/2021;0;0;0;7;0;0;0;0;0;6;1;7;;
Bruno Martins;30/03/2021;13/05/2021;0;0;0;7;0;0;0;0;0;0;7;7;0000-0002-8102-9416;
Riva Quiroga;13/05/2018;11/04/2022;4;0;0;0;7;0;2;1;1;0;3;7;0000-0002-1147-4135;
Joana Vieira Paulino;29/01/2021;13/01/2022;1;0;0;6;0;0;0;0;0;3;3;6;0000-0002-9433-2799;
Guillaume Florent;24/03/2021;24/03/2021;0;1;0;0;0;0;1;0;0;0;0;1;0000-0002-4553-8993;
Jeri Wieringa;21/07/2016;08/12/2019;3;0;5;0;0;0;1;4;0;0;0;5;0000-0002-9364-2808;
Anna-Maria Sichani;18/03/2019;11/02/2022;3;0;5;0;0;0;0;5;0;0;0;5;0000-0001-6778-4610;
Renato Rocha Souza;13/05/2021;13/05/2021;0;0;0;5;0;0;0;0;0;0;5;5;0000-0002-1895-3905;
Jessica Parr;29/08/2017;23/11/2020;3;0;4;0;0;0;0;4;0;0;0;4;0000-0003-4981-1587;
Finn Arne Jørgensen;13/12/2013;13/12/2013;0;0;4;0;0;0;4;0;0;0;0;4;0000-0003-3696-4189;
Ian Araujo;14/06/2021;02/03/2022;1;0;0;4;0;0;0;0;0;0;4;4;0000-0001-6359-4991;
Diana Rebelo Rodriguez;13/07/2021;02/03/2022;1;0;0;4;0;0;0;0;4;0;0;4;;
Josir C. Gomes;13/05/2021;13/05/2021;0;0;0;4;0;0;0;0;4;0;0;4;;
Victor Gayol;02/06/2018;05/06/2020;2;0;0;0;4;0;0;0;1;2;1;4;0000-0002-2442-3193;
Lizzie Scholtus;24/03/2021;24/03/2021;0;1;0;0;0;0;1;0;0;0;0;1;0000-0001-8627-8991;
Marie-Anne Vibet;24/03/2021;24/03/2021;0;1;0;0;0;0;1;0;0;0;0;1;0000-0003-4003-3141;
Zoe LeBlanc;27/07/2018;13/05/2019;1;0;3;0;0;0;2;1;0;0;0;3;0000-0003-2012-8805;
Nick Ruest;13/09/2013;29/08/2017;4;0;3;0;0;0;3;0;0;0;0;3;0000-0003-1891-1112;
Patrick Burns;22/06/2013;08/12/2019;6;0;3;0;0;0;3;0;0;0;0;3;0000-0003-2158-866X;
Anandi Silva Knuppel;15/01/2018;14/01/2019;1;0;3;0;0;0;2;1;0;0;0;3;;
Catherine DeRose;22/11/2016;30/01/2020;4;0;3;0;0;0;3;0;0;0;0;3;0000-0002-0384-7704;
Josir Cardoso Gomes;26/03/2021;14/06/2021;0;0;0;3;0;0;0;0;0;2;1;3;0000-0001-7629-1404;
Gabriela Kucuruza;26/03/2021;02/07/2021;0;0;0;3;0;0;0;0;3;0;0;3;;
Daniel Alves;26/03/2021;02/07/2021;0;0;0;3;0;0;0;0;0;2;1;3;;
Rômulo Predes;12/05/2021;13/07/2021;0;0;0;3;0;0;0;0;0;0;3;3;0000-0001-9461-7834;
Déborah Dubald;10/04/2020;10/04/2020;0;1;0;0;0;0;0;0;0;0;1;1;0000-0002-2128-0641;
Catherine Paulin;10/04/2020;10/04/2020;0;1;0;0;0;0;0;0;0;0;1;1;0000-0002-3440-6039;
Carla Amaya;10/09/2021;10/09/2021;0;1;0;0;0;0;0;0;1;0;0;1;;
Cyrille Suire;10/09/2021;10/09/2021;0;1;0;0;0;0;0;0;0;0;1;1;;
Antoine Gourlay;19/11/2021;19/11/2021;0;1;0;0;0;0;0;0;1;0;0;1;0000-0002-1016-213X;
John Russell;05/09/2016;27/03/2017;1;0;2;0;0;0;2;0;0;0;0;2;0000-0002-7998-940X;
Jesse Sadler;03/05/2018;23/11/2020;2;0;2;0;0;0;2;0;0;0;0;2;;
Megan Kudzia;02/04/2018;17/05/2021;3;0;2;0;0;0;2;0;0;0;0;2;0000-0003-0900-6823;
Sharon Howard;11/11/2012;30/04/2014;2;0;2;0;0;0;2;0;0;0;0;2;0000-0002-6051-6274;
Peter Webster;13/12/2013;13/12/2013;0;0;2;0;0;0;2;0;0;0;0;2;0000-0001-6801-0852;
Abby Schreiber;13/12/2013;13/12/2013;0;0;2;0;0;0;2;0;0;0;0;2;0000-0003-2350-049X;
John Fink;02/09/2012;13/11/2015;3;0;2;0;0;0;2;0;0;0;0;2;0000-0001-5301-5626;
Allison Hegel;20/09/2014;20/09/2014;0;0;2;0;0;0;2;0;0;0;0;2;0000-0001-7750-7246;
Erin N. Bush;21/07/2016;24/04/2017;1;0;2;0;0;0;2;0;0;0;0;2;0000-0002-5958-9038;
Ana Giulia Aldgeire;19/11/2021;02/03/2022;1;0;0;2;0;0;0;0;0;0;2;2;;
Daniel Bonatto Seco;17/12/2021;18/12/2021;0;0;0;2;0;0;0;0;0;0;2;2;;
Aracele Torres;12/05/2021;13/05/2021;0;0;0;2;0;0;0;0;2;0;0;2;0000-0002-5240-060X;
Ivo Veiga;21/05/2021;28/08/2021;0;0;0;2;0;0;0;0;0;0;2;2;0000-0001-8385-3030;
Maria Guedes;29/01/2021;13/07/2021;0;0;0;2;0;0;0;0;0;0;2;2;;0000-0002-6766-4376
Basthian Medina;28/06/2021;11/04/2022;1;0;0;0;2;0;1;0;1;0;0;2;0000-0001-5822-5112;
Silvia Gutiérrez;02/06/2018;11/04/2022;4;0;0;0;2;0;0;0;0;0;2;2;;
Antonio Sánchez-Padial;13/05/2018;23/04/2019;1;0;0;0;2;0;0;0;0;0;2;2;0000-0001-9532-3133;
Joseba Moreno;23/04/2018;20/08/2018;0;0;0;0;2;0;0;0;0;0;2;2;0000-0002-6756-4404;
María-Jesús Colmenero-Ruiz;17/05/2017;02/06/2018;1;0;0;0;2;0;0;0;2;0;0;2;0000-0002-1650-1091;
Gwenaëlle Patat;19/11/2021;19/11/2021;0;1;0;0;0;0;0;0;0;1;0;1;0000-0002-8520-3485;
Floriane Chiffoleau;19/11/2021;19/11/2021;0;1;0;0;0;0;0;0;0;0;1;1;0000-0003-4482-7897;
Jean-Luc Mirepoix;19/11/2021;19/11/2021;0;1;0;0;0;0;0;0;0;0;1;1;;
Lucas Terriel;06/01/2021;06/01/2021;0;1;0;0;0;0;0;0;1;0;0;1;0000-0002-9189-258X;
Matthias Gille Levenson;06/10/2021;06/10/2021;0;1;0;0;0;0;0;0;0;1;0;1;0000-0001-9488-5986;
Alexandre Bartz;06/10/2021;06/10/2021;0;1;0;0;0;0;0;0;0;0;1;1;0000-0003-0850-8266;
Géraldine Castel;09/05/2020;09/05/2020;0;1;0;0;0;0;0;0;1;0;0;1;;
Antoine Courtin;09/05/2020;09/05/2020;0;1;0;0;0;0;0;0;0;0;1;1;0000-0003-0275-5143;
Manon Durier;01/04/2022;01/04/2022;0;1;0;0;0;0;1;0;0;0;0;1;0000-0001-5318-9167;
Morgane Pica;01/04/2022;01/04/2022;0;1;0;0;0;0;1;0;0;0;0;1;;
Viera Rebolledo-Dhuin;01/04/2022;01/04/2022;0;1;0;0;0;0;1;0;0;0;0;1;0000-0002-4903-1372;
Isabelle Gribomont;03/05/2019;03/05/2019;0;1;0;0;0;0;0;0;0;0;1;1;0000-0001-7443-5849;
Fanny Mézard;03/05/2019;03/05/2019;0;1;0;0;0;0;0;0;0;0;1;1;;
Anastasiia Zadykhina;30/07/2020;30/07/2020;0;1;0;0;0;0;0;0;1;0;0;1;;
Camille Carette;02/04/2020;02/04/2020;0;1;0;0;0;0;0;0;1;0;0;1;;
Florian Cafiero;02/04/2020;02/04/2020;0;1;0;0;0;0;0;0;0;0;1;1;0000-0002-1951-6942;
Sybille Clochet;10/04/2019;10/04/2019;0;1;0;0;0;0;0;0;1;0;0;1;;
Anne-Sophie Bessero-Lagarde;16/01/2020;16/01/2020;0;1;0;0;0;0;0;0;1;0;0;1;;
Martin Grandjean;16/01/2020;16/01/2020;0;1;0;0;0;0;0;0;0;0;1;1;0000-0003-3184-3943;
Arthur Perret;09/09/2020;09/09/2020;0;1;0;0;0;0;0;0;0;0;1;1;0000-0002-4130-6669;
Zo&#235  Wilkinson Salda;15/01/2018;15/01/2018;0;0;1;0;0;1;0;0;0;1;0;2;;
Thomas Soubiran;15/01/2020;06/10/2021;1;2;0;0;0;0;0;0;1;0;1;2;0000-0001-8531-8488;
Frédéric Clavert;06/07/2019;16/10/2019;0;1;1;0;0;0;1;0;0;0;1;2;0000-0002-0237-2532;
Célian Ringwald;10/06/2021;10/09/2021;0;2;0;0;0;0;0;0;0;1;1;2;0000-0002-7302-9037;
Antoine Henry;10/06/2021;01/04/2022;1;2;0;0;0;0;0;1;0;0;1;2;0000-0003-4722-4610;
Marie Puren;10/04/2019;30/07/2020;1;2;0;0;0;0;0;0;0;0;2;2;0000-0001-5452-3913;
Alix Chagué;01/07/2019;09/05/2020;1;3;0;0;0;0;0;0;1;0;2;3;0000-0002-0136-4434;
Sylvain Machefert;01/07/2019;09/05/2020;1;3;0;0;0;0;0;0;2;0;1;3;0000-0001-9288-1754;
Marie-Christine Boucher;02/04/2020;10/06/2021;1;5;0;0;0;0;0;0;1;1;3;5;0000-0002-2475-3184;
François Dominic Laramée;20/02/2018;10/06/2021;3;14;2;0;0;1;1;0;3;5;6;16;0000-0001-5542-3754;
Catherine Nygren;13/05/2019;13/05/2019;0;0;1;0;0;0;1;0;0;0;0;1;;
Konrad Lawson;13/09/2013;13/09/2013;0;0;1;0;0;0;1;0;0;0;0;1;0000-0002-0276-8078;
Aurélien Berra;27/06/2012;27/06/2012;0;0;1;0;0;0;1;0;0;0;0;1;0000-0002-1695-8497;
Telmo Menezes;16/10/2019;16/10/2019;0;0;1;0;0;0;1;0;0;0;0;1;0000-0001-7204-6428;
Ed Summers;16/10/2019;16/10/2019;0;0;1;0;0;0;1;0;0;0;0;1;;
Paige Morgan;18/04/2016;18/04/2016;0;0;1;0;0;0;1;0;0;0;0;1;0000-0001-8076-7356;
Jamie Howe;18/04/2016;18/04/2016;0;0;1;0;0;0;1;0;0;0;0;1;;
Nora McGregor;05/08/2013;05/08/2013;0;0;1;0;0;0;1;0;0;0;0;1;;
Melanie Walsh;29/09/2021;29/09/2021;0;0;1;0;0;0;1;0;0;0;0;1;0000-0003-4558-3310;
Luling Huang;29/09/2021;29/09/2021;0;0;1;0;0;0;1;0;0;0;0;1;;
Alex Wermer-Colan;29/09/2021;29/09/2021;0;0;1;0;0;0;0;1;0;0;0;1;;
M. Willis Monroe;23/11/2020;23/11/2020;0;0;1;0;0;0;1;0;0;0;0;1;0000-0002-9126-2991;
Sarah Connell;05/05/2020;05/05/2020;0;0;1;0;0;0;1;0;0;0;0;1;0000-0001-9202-5798;
Rob Sieczkiewicz;19/06/2015;19/06/2015;0;0;1;0;0;0;1;0;0;0;0;1;0000-0002-4429-136X;
Sandra van Ginhoven;13/09/2017;13/09/2017;0;0;1;0;0;0;1;0;0;0;0;1;0000-0001-6785-0809;
Sheila Brennan;24/02/2016;24/02/2016;0;0;1;0;0;0;1;0;0;0;0;1;0000-0002-7883-2996;
Brenta Blevins;10/08/2018;10/08/2018;0;0;1;0;0;0;1;0;0;0;0;1;;
Jason Crider;10/08/2018;10/08/2018;0;0;1;0;0;0;1;0;0;0;0;1;0000-0003-2897-2090;
Sean Morey;10/08/2018;10/08/2018;0;0;1;0;0;0;1;0;0;0;0;1;0000-0002-8409-6091;
Ryan Cordell;18/02/2015;18/02/2015;0;0;1;0;0;0;1;0;0;0;0;1;0000-0002-4345-0533;
Justin Larsen;18/02/2015;18/02/2015;0;0;1;0;0;0;1;0;0;0;0;1;;
Brandon Locke;17/05/2021;17/05/2021;0;0;1;0;0;0;1;0;0;0;0;1;0000-0001-8531-3927;
Ryan Muther;16/05/2021;16/05/2021;0;0;1;0;0;0;1;0;0;0;0;1;;
Marco Büchler;16/05/2021;16/05/2021;0;0;1;0;0;0;1;0;0;0;0;1;;
Luke Bergmann;11/11/2012;11/11/2012;0;0;1;0;0;0;1;0;0;0;0;1;;
Joanna Swafford;05/08/2016;05/08/2016;0;0;1;0;0;0;1;0;0;0;0;1;0000-0003-4125-2813;
Celeste Tường Vy Sharpe;05/08/2016;05/08/2016;0;0;1;0;0;0;1;0;0;0;0;1;;
Elisa Beshero-Bondar;23/08/2017;23/08/2017;0;0;1;0;0;0;1;0;0;0;0;1;0000-0002-1709-2314;
Anne Chao;23/08/2017;23/08/2017;0;0;1;0;0;0;1;0;0;0;0;1;;
Qiwei Li;23/08/2017;23/08/2017;0;0;1;0;0;0;1;0;0;0;0;1;0000-0002-1020-3050;
Guy McClellan;01/12/2015;01/12/2015;0;0;1;0;0;0;1;0;0;0;0;1;;
Peggy Griesinger;12/08/2017;12/08/2017;0;0;1;0;0;0;1;0;0;0;0;1;0000-0003-2771-5367;
Lisa Lowry;12/08/2017;12/08/2017;0;0;1;0;0;0;1;0;0;0;0;1;;
Eleni Gadolou;11/02/2022;11/02/2022;0;0;1;0;0;0;1;0;0;0;0;1;;
Randa El Khatib;11/02/2022;11/02/2022;0;0;1;0;0;0;1;0;0;0;0;1;0000-0002-2480-4746;
Brandon Hawk;25/11/2014;25/11/2014;0;0;1;0;0;0;1;0;0;0;0;1;0000-0002-5406-8807;
Adam Dennett;27/01/2017;27/01/2017;0;0;1;0;0;0;1;0;0;0;0;1;0000-0003-2742-5968;
Léon Robichaud;27/01/2017;27/01/2017;0;0;1;0;0;0;1;0;0;0;0;1;;
Anouk Lang;31/10/2017;31/10/2017;0;0;1;0;0;0;1;0;0;0;0;1;0000-0001-9597-1026;
Nancy Lemay;13/11/2015;13/11/2015;0;0;1;0;0;0;1;0;0;0;0;1;0000-0003-0311-5252;
Simon Appleford;03/05/2018;03/05/2018;0;0;1;0;0;0;1;0;0;0;0;1;0000-0003-2192-7860;
Oliver Duke-Williams;18/03/2019;18/03/2019;0;0;1;0;0;0;1;0;0;0;0;1;0000-0001-8050-1881;
Sylvia Fernández Quintanilla;18/03/2019;18/03/2019;0;0;1;0;0;0;1;0;0;0;0;1;;
Ben Hurwitz;06/05/2013;06/05/2013;0;0;1;0;0;0;1;0;0;0;0;1;0000-0003-2670-6514;
Brandee Easter;04/12/2021;04/12/2021;0;0;1;0;0;0;1;0;0;0;0;1;;
Charlotte Tupman;20/09/2014;20/09/2014;0;0;1;0;0;0;1;0;0;0;0;1;0000-0002-4211-1062;
Terhi Nurmikko-Fuller;07/05/2017;07/05/2017;0;0;1;0;0;0;1;0;0;0;0;1;0000-0002-0688-3006;
Derek Price;21/07/2016;21/07/2016;0;0;1;0;0;0;1;0;0;0;0;1;;
Lee Skallerup Bessette;29/08/2017;29/08/2017;0;0;1;0;0;0;1;0;0;0;0;1;0000-0002-0827-3420;
Tesla Cariani;20/12/2018;20/12/2018;0;0;1;0;0;0;1;0;0;0;0;1;;
Josh Romphf;20/12/2018;20/12/2018;0;0;1;0;0;0;1;0;0;0;0;1;;
Amber Stubbs;22/05/2019;22/05/2019;0;0;1;0;0;0;1;0;0;0;0;1;0000-0001-6148-9290;
Brianna Allen;22/05/2019;22/05/2019;0;0;1;0;0;0;1;0;0;0;0;1;0000-0002-0824-4048;
Folgert Karsdorp;21/04/2018;21/04/2018;0;0;1;0;0;0;1;0;0;0;0;1;0000-0002-5958-0551;
Jan Rybicki;21/04/2018;21/04/2018;0;0;1;0;0;0;1;0;0;0;0;1;0000-0003-2504-9372;
Francesca Benatti;17/07/2012;17/07/2012;0;0;1;0;0;0;1;0;0;0;0;1;0000-0002-1456-7812;
Clemens Neudecker;06/01/2021;06/01/2021;0;0;1;0;0;0;1;0;0;0;0;1;0000-0001-5293-8322;
Jane Winters;30/04/2014;30/04/2014;0;0;1;0;0;0;1;0;0;0;0;1;0000-0001-5502-5887;
Sofia Papastamkou;10/04/2019;01/04/2022;3;16;1;0;0;0;0;3;2;10;2;17;0000-0002-5148-1348;
Puteri Zarina Megat Khalid;15/01/2018;15/01/2018;0;0;1;0;0;0;1;0;0;0;0;1;0000-0002-9296-8662;
Jeff Veitch;07/06/2016;07/06/2016;0;0;1;0;0;0;1;0;0;0;0;1;0000-0002-0287-7493;
Tim Compeau;07/06/2016;07/06/2016;0;0;1;0;0;0;1;0;0;0;0;1;;
Stéfan Sinclair;22/11/2016;22/11/2016;0;0;1;0;0;0;1;0;0;0;0;1;;
Alan MacEachern;02/09/2012;02/09/2012;0;0;1;0;0;0;1;0;0;0;0;1;;
Tessa C Hauswedell;07/07/2016;07/07/2016;0;0;1;0;0;0;1;0;0;0;0;1;0000-0002-0734-3538;
Michelle Moravec;04/10/2013;04/10/2013;0;0;1;0;0;0;1;0;0;0;0;1;;
Ezra Brooks;04/10/2013;04/10/2013;0;0;1;0;0;0;1;0;0;0;0;1;;
Russell Alleen-Willems;04/10/2013;04/10/2013;0;0;1;0;0;0;1;0;0;0;0;1;;
Dave Shepard;22/06/2013;22/06/2013;0;0;1;0;0;0;1;0;0;0;0;1;;
Jason Heppler;24/04/2017;24/04/2017;0;0;1;0;0;0;1;0;0;0;0;1;0000-0003-4158-6186;
Ben Schmidt;27/07/2018;27/07/2018;0;0;1;0;0;0;1;0;0;0;0;1;0000-0002-8263-5485;
Jack Pay;30/01/2020;30/01/2020;0;0;1;0;0;0;1;0;0;0;0;1;;
Caio Mello;14/06/2021;14/06/2021;0;0;0;1;0;0;0;0;1;0;0;1;0000-0001-7492-7237;
Bruno Ponne;14/06/2021;14/06/2021;0;0;0;1;0;0;0;0;0;0;1;1;0000-0002-3057-932X;
Rafael Laguardia;30/03/2021;30/03/2021;0;0;0;1;0;0;0;0;1;0;0;1;;
Luis Ferla;30/03/2021;30/03/2021;0;0;0;1;0;0;0;0;0;0;1;1;0000-0003-3617-2560;
Ana Alcântara;30/03/2021;30/03/2021;0;0;0;1;0;0;0;0;0;0;1;1;;
Ana Carolina Erthal;13/01/2022;13/01/2022;0;0;0;1;0;0;0;0;0;0;1;1;;
Bruno Gasparotto Ponne;26/03/2021;26/03/2021;0;0;0;1;0;0;0;0;1;0;0;1;;
João Gilberto Neves Saraiva;30/03/2021;30/03/2021;0;0;0;1;0;0;0;0;1;0;0;1;0000-0002-2094-8216;
Ângela Pité;07/06/2021;07/06/2021;0;0;0;1;0;0;0;0;0;0;1;1;;
Mariana Affonso Penna;10/09/2021;10/09/2021;0;0;0;1;0;0;0;0;1;0;0;1;0000-0001-5415-795X;
Romulo Predes;28/08/2021;28/08/2021;0;0;0;1;0;0;0;0;0;0;1;1;0000-0001-9461-7834;
Márcia T. Cavalcanti;29/01/2021;29/01/2021;0;0;0;1;0;0;0;0;1;0;0;1;;
Elizabeth Freire;29/01/2021;29/01/2021;0;0;0;1;0;0;0;0;0;0;1;1;;
Suemi Higuchi;21/05/2021;21/05/2021;0;0;0;1;0;0;0;0;0;0;1;1;0000-0002-6255-3781;
Samuel Van Ransbeeck;26/03/2021;26/03/2021;0;0;0;1;0;0;0;0;0;0;1;1;0000-0001-6959-6605;
Juliana Marques da Silva;26/03/2021;26/03/2021;0;0;0;1;0;0;0;0;0;0;1;1;0000-0002-1637-8505;
Carlos Manuel Varón Castañeda;04/05/2018;04/05/2018;0;0;0;0;1;0;0;0;1;0;0;1;0000-0001-9581-5007;
Gabriela Elgarrista;23/04/2019;23/04/2019;0;0;0;0;1;0;0;0;0;0;1;1;;
Daniela Ávido;20/04/2019;20/04/2019;0;0;0;0;1;0;1;0;0;0;0;1;;
María José Afanador-Llach;30/03/2020;30/03/2020;0;0;0;0;1;0;1;0;0;0;0;1;0000-0003-2652-5799;
Ignacio Rodríguez;01/04/2019;01/04/2019;0;0;0;0;1;0;1;0;0;0;0;1;0000-0002-3752-9536;
María José Cabra Montes;23/04/2018;23/04/2018;0;0;0;0;1;0;0;0;1;0;0;1;;
Juan Camilo Murcia;14/10/2017;14/10/2017;0;0;0;0;1;0;0;0;0;0;1;1;;
Joshua Ortiz-Baco;29/11/2018;29/11/2018;0;0;0;0;1;0;0;0;0;0;1;1;0000-0002-9723-4262;
Lorena Campuzano;05/06/2020;05/06/2020;0;0;0;0;1;0;0;0;1;0;0;1;;
Jairo Melo;05/06/2020;05/06/2020;0;0;0;0;1;0;0;0;0;0;1;1;;
Camilo Murcia Galindo;05/06/2020;05/06/2020;0;0;0;0;1;0;0;0;0;0;1;1;;
José Calvo Tello;20/04/2017;20/04/2017;0;0;0;0;1;0;0;0;0;0;1;1;0000-0002-1129-5604;
Andrés Gattinoni;15/03/2018;15/03/2018;0;0;0;0;1;0;0;0;1;0;0;1;0000-0001-6741-6746;
Antonio Jesús Sánchez Padial;29/07/2017;29/07/2017;0;0;0;0;1;0;0;0;0;0;1;1;0000-0001-9532-3133;
Sebastian Fiori;11/12/2020;11/12/2020;0;0;0;0;1;0;0;0;1;0;0;1;;
Adriana Cásarez;12/05/2020;12/05/2020;0;0;0;0;1;0;1;0;0;0;0;1;;
Juan Cobo;31/07/2017;31/07/2017;0;0;0;0;1;0;0;0;0;0;1;1;0000-0003-4776-0261;
Rocío Méndez;27/07/2021;27/07/2021;0;0;0;0;1;0;1;0;0;0;0;1;0000-0002-8801-636X;
Iñaki Cano;27/07/2021;27/07/2021;0;0;0;0;1;0;1;0;0;0;0;1;0000-0002-6678-7606;
David Merino Recalde;16/11/2021;16/11/2021;0;0;0;0;1;0;1;0;0;0;0;1;0000-0003-2740-7831;
Rosa María Muñoz Mendo;16/11/2021;16/11/2021;0;0;0;0;1;0;1;0;0;0;0;1;;
Maria Jose Afanador;02/06/2018;02/06/2018;0;0;0;0;1;0;0;0;0;0;1;1;0000-0003-2652-5799;
José Luis Losada;11/07/2020;11/07/2020;0;0;0;0;1;0;1;0;0;0;0;1;;
Luisina Silva;17/05/2017;17/05/2017;0;0;0;0;1;0;0;0;0;0;1;1;;
Carlos Loz;07/10/2017;07/10/2017;0;0;0;0;1;0;0;0;0;0;1;1;;
Alicia Calvo;26/04/2017;26/04/2017;0;0;0;0;1;0;0;0;0;0;1;1;;
Melissa Jerome;14/12/2021;14/12/2021;0;0;0;0;1;0;1;0;0;0;0;1;0000-0001-8251-7131;
Aldo Barriente;14/12/2021;14/12/2021;0;0;0;0;1;0;1;0;0;0;0;1;;
HD CAICYT Lab team;01/03/2021;01/03/2021;0;0;0;0;1;0;0;0;1;0;0;1;;
Gimena del Rio Riande;01/03/2021;01/03/2021;0;0;0;0;1;0;0;0;1;0;0;1;0000-0002-8997-5415;
Nidia Hernández;01/03/2021;01/03/2021;0;0;0;0;1;0;0;0;1;0;0;1;;
Romina De León;01/03/2021;01/03/2021;0;0;0;0;1;0;0;0;1;0;0;1;0000-0003-2495-7213;
Raffaele Viglianti;01/03/2021;01/03/2021;0;0;0;0;1;0;0;0;1;0;0;1;0000-0003-3094-139X;
Kahlila Chaar-Pérez;01/03/2021;01/03/2021;0;0;0;0;1;0;0;0;0;0;1;1;0000-0001-7038-5450;
Mathilda Shepard;01/03/2021;01/03/2021;0;0;0;0;1;0;0;0;0;0;1;1;0000-0002-3416-448X;
Ulrike Henny-Krahmer;31/10/2018;31/10/2018;0;0;0;0;1;0;0;0;1;0;0;1;0000-0003-2852-065X;
Pedro Carrillo;02/08/2018;02/08/2018;0;0;0;0;1;0;0;0;0;0;1;1;;
